tract,Community_Name
221500,Adams
221601,Adams
221710,Adams
221810,Adams
221820,Adams
221900,Adams
222001,Adams
222002,Adams
222100,Adams
222200,Adams
222500,Adams
222600,Adams
222700,Adams
231210,Adams
231220,Adams
231300,Adams
231400,Adams
219500,Adams-La Brea
219700,Adams-La Brea
219800,Adams-La Brea
219901,Adams-La Brea
219902,Adams-La Brea
220000,Adams-La Brea
220100,Adams-La Brea
800324,Agoura Hills
800327,Agoura Hills
800328,Agoura Hills
800331,Agoura Hills
800332,Agoura Hills
920011,Agua Dulce
920102,Agua Dulce
920104,Agua Dulce
920106,Agua Dulce
920116,Agua Dulce
920118,Agua Dulce
920119,Agua Dulce
920200,Agua Dulce
480302,Alhambra
480303,Alhambra
480304,Alhambra
480400,Alhambra
480802,Alhambra
480803,Alhambra
480804,Alhambra
480901,Alhambra
480902,Alhambra
480903,Alhambra
481001,Alhambra
481002,Alhambra
481500,Alhambra
481603,Alhambra
481604,Alhambra
481605,Alhambra
481606,Alhambra
481800,Alhambra
481901,Alhambra
481902,Alhambra
603702,Alondra Park
603704,Alondra Park
460100,Altadena
460200,Altadena
460301,Altadena
460302,Altadena
461000,Altadena
461100,Altadena
461200,Altadena
461300,Altadena
104124,Angeles National Forest
930101,Angeles National Forest
930200,Angeles National Forest
930301,Angeles National Forest
430400,Arcadia
430600,Arcadia
430701,Arcadia
430721,Arcadia
430723,Arcadia
430724,Arcadia
430801,Arcadia
430802,Arcadia
430803,Arcadia
431600,Arcadia
431700,Arcadia
119001,Arleta
119002,Arleta
119201,Arleta
119202,Arleta
119400,Arleta
119700,Arleta
119800,Arleta
183702,Arroyo Seco
185100,Arroyo Seco
185202,Arroyo Seco
186202,Arroyo Seco
186203,Arroyo Seco
199300,Arroyo Seco
199400,Arroyo Seco
201302,Arroyo Seco
554801,Artesia
554802,Artesia
554900,Artesia
187101,Atwater Village
187102,Atwater Village
188100,Atwater Village
188300,Atwater Village
599000,Avalon
408301,Avocado Heights
408302,Avocado Heights
408303,Avocado Heights
400602,Azusa
400603,Azusa
400604,Azusa
404201,Azusa
404202,Azusa
404301,Azusa
404302,Azusa
404401,Azusa
404402,Azusa
404501,Azusa
404503,Azusa
404504,Azusa
234000,Baldwin Hills / Crenshaw
234200,Baldwin Hills / Crenshaw
234300,Baldwin Hills / Crenshaw
234501,Baldwin Hills / Crenshaw
234502,Baldwin Hills / Crenshaw
234600,Baldwin Hills / Crenshaw
234700,Baldwin Hills / Crenshaw
234800,Baldwin Hills / Crenshaw
234901,Baldwin Hills / Crenshaw
234902,Baldwin Hills / Crenshaw
235100,Baldwin Hills / Crenshaw
235201,Baldwin Hills / Crenshaw
235202,Baldwin Hills / Crenshaw
236000,Baldwin Hills / Crenshaw
236100,Baldwin Hills / Crenshaw
236202,Baldwin Hills / Crenshaw
236203,Baldwin Hills / Crenshaw
236204,Baldwin Hills / Crenshaw
236400,Baldwin Hills / Crenshaw
404701,Baldwin Park
404702,Baldwin Park
404703,Baldwin Park
404801,Baldwin Park
404802,Baldwin Park
404803,Baldwin Park
404901,Baldwin Park
404902,Baldwin Park
404903,Baldwin Park
405001,Baldwin Park
405002,Baldwin Park
405101,Baldwin Park
405102,Baldwin Park
405201,Baldwin Park
405202,Baldwin Park
405203,Baldwin Park
194200,Bel Air-Beverly Crest
194300,Bel Air-Beverly Crest
261101,Bel Air-Beverly Crest
261102,Bel Air-Beverly Crest
261200,Bel Air-Beverly Crest
262100,Bel Air-Beverly Crest
262200,Bel Air-Beverly Crest
532304,Bell
533601,Bell
533602,Bell
533603,Bell
533803,Bell
533804,Bell
533805,Bell
533806,Bell
533901,Bell Gardens
533902,Bell Gardens
534001,Bell Gardens
534002,Bell Gardens
534101,Bell Gardens
534102,Bell Gardens
534201,Bell Gardens
534202,Bell Gardens
534203,Bell Gardens
553100,Bellflower
553200,Bellflower
553300,Bellflower
554001,Bellflower
554002,Bellflower
554101,Bellflower
554103,Bellflower
554104,Bellflower
554105,Bellflower
554201,Bellflower
554203,Bellflower
554204,Bellflower
554301,Bellflower
554302,Bellflower
554403,Bellflower
554404,Bellflower
554405,Bellflower
554406,Bellflower
700600,Beverly Hills
700700,Beverly Hills
700801,Beverly Hills
700802,Beverly Hills
700901,Beverly Hills
700902,Beverly Hills
701000,Beverly Hills
203100,Boyle Heights
203200,Boyle Heights
203500,Boyle Heights
203600,Boyle Heights
203710,Boyle Heights
203720,Boyle Heights
203800,Boyle Heights
203900,Boyle Heights
204110,Boyle Heights
204120,Boyle Heights
204200,Boyle Heights
204300,Boyle Heights
204410,Boyle Heights
204420,Boyle Heights
204600,Boyle Heights
204700,Boyle Heights
204810,Boyle Heights
204820,Boyle Heights
204910,Boyle Heights
204920,Boyle Heights
205110,Boyle Heights
205120,Boyle Heights
206032,Boyle Heights
206050,Boyle Heights
430200,Bradbury
262301,Brentwood
262302,Brentwood
262303,Brentwood
262400,Brentwood
264000,Brentwood
264102,Brentwood
264103,Brentwood
264301,Brentwood
264302,Brentwood
265410,Brentwood
310100,Burbank
310201,Burbank
310202,Burbank
310300,Burbank
310400,Burbank
310501,Burbank
310601,Burbank
310602,Burbank
310701,Burbank
310702,Burbank
310703,Burbank
310800,Burbank
310900,Burbank
311000,Burbank
311100,Burbank
311200,Burbank
311300,Burbank
311400,Burbank
311500,Burbank
311600,Burbank
311700,Burbank
311801,Burbank
311802,Burbank
980001,Burbank
800101,Calabasas
800202,Calabasas
800203,Calabasas and Hidden Hills
800204,Calabasas and Hidden Hills
113233,Canoga Park
113234,Canoga Park
134201,Canoga Park
134303,Canoga Park
134304,Canoga Park
134305,Canoga Park
134306,Canoga Park
134520,Canoga Park
134521,Canoga Park
134522,Canoga Park
910808,Canyon Country
910810,Canyon Country
920026,Canyon Country
920033,Canyon Country
541002,Carson
543304,Carson
543306,Carson
543321,Carson
543322,Carson
543400,Carson
543501,Carson
543601,Carson
543604,Carson
543701,Carson
543702,Carson
543703,Carson
543801,Carson
543802,Carson
543903,Carson
543905,Carson
544001,Carson
544002,Carson
980002,Carson
980025,Carson
228220,Central Alameda
228710,Central Alameda
228720,Central Alameda
228800,Central Alameda
228900,Central Alameda
229100,Central Alameda
554511,Cerritos
554512,Cerritos
554513,Cerritos
554514,Cerritos
554515,Cerritos
554516,Cerritos
554517,Cerritos
554518,Cerritos
554519,Cerritos
554521,Cerritos
554522,Cerritos
403801,Charter Oak
403802,Charter Oak
113101,Chatsworth
113102,Chatsworth
113211,Chatsworth
113212,Chatsworth
113213,Chatsworth
113235,Chatsworth
113237,Chatsworth
113303,Chatsworth
113321,Chatsworth
113322,Chatsworth
980023,Chatsworth
197700,Chinatown
206010,Chinatown
206020,Chinatown
207101,Chinatown
207102,Chinatown
207103,Chinatown
404000,Citrus
404100,Citrus
400205,Claremont
400206,Claremont
401701,Claremont
401800,Claremont
401901,Claremont
401902,Claremont
402001,Claremont
402002,Claremont
532302,Commerce
532303,Commerce
541200,Compton
541300,Compton
541603,Compton
541604,Compton
541605,Compton
541606,Compton
542000,Compton
542105,Compton
542106,Compton
542200,Compton
542401,Compton
542402,Compton
542501,Compton
542502,Compton
542601,Compton
542602,Compton
542700,Compton
542800,Compton
542900,Compton
543000,Compton
543100,Compton
543201,Compton
543202,Compton
403500,Covina
403600,Covina
403702,Covina
403721,Covina
403722,Covina
405701,Covina
405702,Covina
405800,Covina
405900,Covina
406000,Covina
406101,Covina
406102,Covina
534301,Cudahy
534302,Cudahy
534403,Cudahy
534404,Cudahy
534405,Cudahy
534406,Cudahy
702400,Culver City
702501,Culver City
702502,Culver City
702600,Culver City
702700,Culver City
702801,Culver City
702802,Culver City
702803,Culver City
703001,Culver City
185203,Cypress Park
185204,Cypress Park
185310,Cypress Park
185320,Cypress Park
602200,Del Aire
602301,Del Aire
275101,Del Rey
275102,Del Rey
275200,Del Rey
275302,Del Rey
275311,Del Rey
275400,Del Rey
275500,Del Rey
275602,Del Rey
275603,Del Rey
403304,Diamond Bar
403305,Diamond Bar
403316,Diamond Bar
403319,Diamond Bar
403320,Diamond Bar
403321,Diamond Bar
403322,Diamond Bar
403323,Diamond Bar
403324,Diamond Bar
403325,Diamond Bar
550400,Downey
550500,Downey
550601,Downey
550602,Downey
550700,Downey
550800,Downey
550901,Downey
550902,Downey
551000,Downey
551101,Downey
551102,Downey
551201,Downey
551202,Downey
551300,Downey
551401,Downey
551402,Downey
551501,Downey
551502,Downey
551600,Downey
551700,Downey
551800,Downey
553400,Downey
206031,Downtown Los Angeles
207400,Downtown Los Angeles
207501,Downtown Los Angeles
207502,Downtown Los Angeles
207710,Downtown Los Angeles
207900,Downtown Los Angeles
209200,Downtown Los Angeles
224010,Downtown Los Angeles
226001,Downtown Los Angeles
226002,Downtown Los Angeles
430002,Duarte
430003,Duarte
430101,Duarte
430102,Duarte
181000,Eagle Rock
181300,Eagle Rock
181400,Eagle Rock
181500,Eagle Rock
181600,Eagle Rock
183402,Eagle Rock
186201,Eagle Rock
530301,East Los Angeles
530302,East Los Angeles
530400,East Los Angeles
530500,East Los Angeles
530601,East Los Angeles
530602,East Los Angeles
530700,East Los Angeles
530801,East Los Angeles
530802,East Los Angeles
530901,East Los Angeles
530902,East Los Angeles
531000,East Los Angeles
531101,East Los Angeles
531102,East Los Angeles
531201,East Los Angeles
531202,East Los Angeles
531301,East Los Angeles
531302,East Los Angeles
531502,East Los Angeles
531503,East Los Angeles
531504,East Los Angeles
531602,East Los Angeles
531603,East Los Angeles
531604,East Los Angeles
531701,East Los Angeles
531702,East Los Angeles
531800,East Los Angeles
531901,East Los Angeles
531902,East Los Angeles
463101,East Pasadena
463102,East Pasadena
480002,East San Gabriel
480011,East San Gabriel
480012,East San Gabriel
480102,East San Gabriel
481202,East San Gabriel
195600,Echo Park
195710,Echo Park
195720,Echo Park
197300,Echo Park
197410,Echo Park
197420,Echo Park
197500,Echo Park
197600,Echo Park
208000,Echo Park
208401,Echo Park
208402,Echo Park
208501,Echo Park
208502,Echo Park
980010,Echo Park
432300,El Monte
432401,El Monte
432402,El Monte
432500,El Monte
432601,El Monte
432602,El Monte
432700,El Monte
432801,El Monte
432802,El Monte
433101,El Monte
433102,El Monte
433200,El Monte
433302,El Monte
433304,El Monte
433305,El Monte
433306,El Monte
433307,El Monte
433401,El Monte
433402,El Monte
433403,El Monte
433901,El Monte
433902,El Monte
434001,El Monte
434003,El Monte
434004,El Monte
620001,El Segundo
620002,El Segundo
620101,El Segundo
620102,El Segundo
980013,El Segundo
980030,El Segundo
199110,El Sereno
201110,El Sereno
201120,El Sereno
201200,El Sereno
201301,El Sereno
201401,El Sereno
201402,El Sereno
201501,El Sereno
201503,El Sereno
201504,El Sereno
201601,El Sereno
201602,El Sereno
201700,El Sereno
187200,Elysian Valley
197200,Elysian Valley
139001,Encino
139200,Encino
139502,Encino
139503,Encino
139504,Encino
139600,Encino
139701,Encino
139702,Encino
139703,Encino
141400,Encino
141500,Encino
532700,Florence-Graham
532800,Florence-Graham
532900,Florence-Graham
533001,Florence-Graham
533002,Florence-Graham
534900,Florence-Graham
535001,Florence-Graham
535002,Florence-Graham
535101,Florence-Graham
535102,Florence-Graham
535200,Florence-Graham
535300,Florence-Graham
535400,Florence-Graham
102107,Foothill Trails
103200,Foothill Trails
103300,Foothill Trails
104103,Foothill Trails
104204,Foothill Trails
980020,Foothill Trails
602600,Gardena
602900,Gardena
603001,Gardena
603004,Gardena
603005,Gardena
603006,Gardena
603101,Gardena
603102,Gardena
603200,Gardena
603301,Gardena
603302,Gardena
603400,Gardena
603500,Gardena
603600,Gardena
186100,Glassell Park
186301,Glassell Park
186302,Glassell Park
186401,Glassell Park
186403,Glassell Park
186404,Glassell Park
400402,Glendora
400404,Glendora
400501,Glendora
400800,Glendora
400900,Glendora
401001,Glendora
401002,Glendora
401101,Glendora
401102,Glendora
401201,Glendora
401202,Glendora
401203,Glendora
403901,Glendora
403902,Glendora
106603,Granada Hills
106641,Granada Hills
106642,Granada Hills
106643,Granada Hills
106645,Granada Hills
106646,Granada Hills
109200,Granada Hills
109300,Granada Hills
109700,Granada Hills
111100,Granada Hills
111201,Granada Hills
111202,Granada Hills
111301,Granada Hills
111400,Granada Hills
980022,Granada Hills
240010,Green Meadows
240020,Green Meadows
240200,Green Meadows
240500,Green Meadows
240600,Green Meadows
240700,Green Meadows
240800,Green Meadows
240900,Green Meadows
241001,Green Meadows
241002,Green Meadows
241110,Green Meadows
241120,Green Meadows
241202,Green Meadows
241400,Green Meadows
408401,Hacienda Heights
408402,Hacienda Heights
408501,Hacienda Heights
408503,Hacienda Heights
408504,Hacienda Heights
408505,Hacienda Heights
408623,Hacienda Heights
408624,Hacienda Heights
408625,Hacienda Heights
408628,Hacienda Heights
408629,Hacienda Heights
408630,Hacienda Heights
408631,Hacienda Heights
293301,Harbor City
293302,Harbor City
293304,Harbor City
293306,Harbor City
293307,Harbor City
294410,Harbor City
294421,Harbor City
241300,Harbor Gateway
291110,Harbor Gateway
291120,Harbor Gateway
291130,Harbor Gateway
291210,Harbor Gateway
291220,Harbor Gateway
291300,Harbor Gateway
292000,Harbor Gateway
293201,Harbor Gateway
293202,Harbor Gateway
555211,Hawaiian Gardens
555212,Hawaiian Gardens
602002,Hawthorne
602103,Hawthorne
602104,Hawthorne
602105,Hawthorne
602106,Hawthorne
602302,Hawthorne
602402,Hawthorne
602403,Hawthorne
602404,Hawthorne
602504,Hawthorne
602505,Hawthorne
602506,Hawthorne
602507,Hawthorne
602508,Hawthorne
602509,Hawthorne
602700,Hawthorne
603703,Hawthorne
621001,Hermosa Beach
621002,Hermosa Beach
621004,Hermosa Beach
621102,Hermosa Beach
621104,Hermosa Beach
183101,Highland Park
183103,Highland Park
183104,Highland Park
183220,Highland Park
183221,Highland Park
183222,Highland Park
183300,Highland Park
183401,Highland Park
183510,Highland Park
183520,Highland Park
183610,Highland Park
183620,Highland Park
183701,Highland Park
183810,Highland Park
183820,Highland Park
189300,Hollywood
189400,Hollywood
189500,Hollywood
189600,Hollywood
189701,Hollywood
190100,Hollywood
190301,Hollywood
190510,Hollywood
190520,Hollywood
190700,Hollywood
190801,Hollywood
190802,Hollywood
190901,Hollywood
190902,Hollywood
191000,Hollywood
191110,Hollywood
191120,Hollywood
191201,Hollywood
191203,Hollywood
191204,Hollywood
191301,Hollywood
191302,Hollywood
191410,Hollywood
191420,Hollywood
191500,Hollywood
191610,Hollywood
191620,Hollywood
191710,Hollywood
191720,Hollywood
191810,Hollywood
191820,Hollywood
191901,Hollywood
192700,Hollywood
143700,Hollywood Hills West
189702,Hollywood Hills West
189800,Hollywood Hills West
189902,Hollywood Hills West
189903,Hollywood Hills West
189904,Hollywood Hills West
189905,Hollywood Hills West
190201,Hollywood Hills West
190202,Hollywood Hills West
194101,Hollywood Hills West
194102,Hollywood Hills West
532500,Huntington Park
532603,Huntington Park
532604,Huntington Park
532605,Huntington Park
532606,Huntington Park
533103,Huntington Park
533104,Huntington Park
533105,Huntington Park
533106,Huntington Park
533107,Huntington Park
533201,Huntington Park
533202,Huntington Park
533203,Huntington Park
533501,Huntington Park
533502,Huntington Park
533503,Huntington Park
534501,Huntington Park
534502,Huntington Park
403303,Industry
403312,Industry
407002,Industry
407801,Industry
407802,Industry
408202,Industry
408211,Industry
600501,Inglewood
600502,Inglewood
600601,Inglewood
600602,Inglewood
600702,Inglewood
600703,Inglewood
600704,Inglewood
600801,Inglewood
600802,Inglewood
600902,Inglewood
600911,Inglewood
600912,Inglewood
601001,Inglewood
601002,Inglewood
601100,Inglewood
601202,Inglewood
601211,Inglewood
601212,Inglewood
601301,Inglewood
601302,Inglewood
601303,Inglewood
601401,Inglewood
601402,Inglewood
601801,Inglewood
601900,Inglewood
602003,Inglewood
602004,Inglewood
404600,Irwindale
460000,Kinneloa Mesa
460501,La Cañada Flintridge
460502,La Cañada Flintridge
460600,La Cañada Flintridge
460700,La Cañada Flintridge
300100,La Crescenta-Montrose
300200,La Crescenta-Montrose
300501,La Crescenta-Montrose
300502,La Crescenta-Montrose
500100,La Habra Heights
500201,La Habra Heights
503601,La Mirada
503602,La Mirada
503703,La Mirada
503801,La Mirada
503802,La Mirada
503901,La Mirada
503902,La Mirada
504001,La Mirada
504002,La Mirada
504101,La Mirada
407101,La Puente
407102,La Puente
407200,La Puente
407601,La Puente
407602,La Puente
407701,La Puente
407702,La Puente
609900,La Rambla
400204,La Verne
400207,La Verne
400302,La Verne
401500,La Verne
401601,La Verne
401602,La Verne
401603,La Verne
703002,Ladera Heights
127400,Lake Balboa
127603,Lake Balboa
127604,Lake Balboa
127605,Lake Balboa
127606,Lake Balboa
131100,Lake Balboa
131900,Lake Balboa
132001,Lake Balboa
132002,Lake Balboa
132101,Lake Balboa
132102,Lake Balboa
980008,Lake Balboa
980024,Lake Balboa
555001,Lakewood
555002,Lakewood
555102,Lakewood
555103,Lakewood
555104,Lakewood
570001,Lakewood
570002,Lakewood
570003,Lakewood
570701,Lakewood
570702,Lakewood
570800,Lakewood
570901,Lakewood
570902,Lakewood
571000,Lakewood
571101,Lakewood
571102,Lakewood
571300,Lakewood
571400,Lakewood
900501,Lancaster
900504,Lancaster
900505,Lancaster
900506,Lancaster
900507,Lancaster
900508,Lancaster
900602,Lancaster
900605,Lancaster
900606,Lancaster
900607,Lancaster
900608,Lancaster
900609,Lancaster
900701,Lancaster
900703,Lancaster
900704,Lancaster
900705,Lancaster
900803,Lancaster
900804,Lancaster
900805,Lancaster
900806,Lancaster
901003,Lancaster
901004,Lancaster
901007,Lancaster
901008,Lancaster
901009,Lancaster
901010,Lancaster
901011,Lancaster
901101,Lancaster
901102,Lancaster
901205,Lancaster
603801,Lawndale
603802,Lawndale
603900,Lawndale
604001,Lawndale
604002,Lawndale
604100,Lawndale
601501,Lennox
601502,Lennox
601600,Lennox
601700,Lennox
601802,Lennox
199000,Lincoln Heights
199120,Lincoln Heights
199201,Lincoln Heights
199202,Lincoln Heights
199700,Lincoln Heights
199800,Lincoln Heights
199900,Lincoln Heights
203300,Lincoln Heights
670001,Lomita
670002,Lomita
670003,Lomita
670100,Lomita
188201,Los Feliz
188202,Los Feliz
189101,Los Feliz
189102,Los Feliz
189201,Los Feliz
189202,Los Feliz
190401,Los Feliz
190402,Los Feliz
195201,Los Feliz
195202,Los Feliz
195300,Los Feliz
980009,Los Feliz
540000,Lynwood
540101,Lynwood
540102,Lynwood
540201,Lynwood
540202,Lynwood
540203,Lynwood
540300,Lynwood
540400,Lynwood
540501,Lynwood
540502,Lynwood
541700,Lynwood
541801,Lynwood
541802,Lynwood
800406,Malibu
800408,Malibu
800410,Malibu
800504,Malibu
800506,Malibu
800329,Malibu Lake
800330,Malibu Lake
620201,Manhattan Beach
620301,Manhattan Beach
620303,Manhattan Beach
620305,Manhattan Beach
620400,Manhattan Beach
620800,Manhattan Beach
620901,Manhattan Beach
620904,Manhattan Beach
271200,Mar Vista
271300,Mar Vista
271400,Mar Vista
271500,Mar Vista
271600,Mar Vista
271701,Mar Vista
271702,Mar Vista
271801,Mar Vista
271901,Mar Vista
271902,Mar Vista
272100,Mar Vista
272201,Mar Vista
272202,Mar Vista
272301,Mar Vista
272302,Mar Vista
702901,Marina del Rey
431300,Mayflower Village
431400,Mayflower Village
533300,Maywood
533401,Maywood
533402,Maywood
533403,Maywood
533701,Maywood
533702,Maywood
533703,Maywood
218210,Mid City
218220,Mid City
218300,Mid City
218400,Mid City
218500,Mid City
218600,Mid City
270300,Mid City
192001,Mid-City West
192002,Mid-City West
194401,Mid-City West
194402,Mid-City West
194500,Mid-City West
214000,Mid-City West
214400,Mid-City West
214501,Mid-City West
214502,Mid-City West
214503,Mid-City West
214600,Mid-City West
214700,Mid-City West
214800,Mid-City West
214901,Mid-City West
214902,Mid-City West
215101,Mid-City West
215102,Mid-City West
216200,Mid-City West
216300,Mid-City West
191902,Miracle Mile
192300,Miracle Mile
192410,Miracle Mile
192420,Miracle Mile
211000,Miracle Mile
211500,Miracle Mile
211701,Miracle Mile
211703,Miracle Mile
211704,Miracle Mile
212610,Miracle Mile
212620,Miracle Mile
212701,Miracle Mile
212702,Miracle Mile
212800,Miracle Mile
212900,Miracle Mile
213100,Miracle Mile
213202,Miracle Mile
214100,Miracle Mile
216100,Miracle Mile
216700,Miracle Mile
216800,Miracle Mile
216900,Miracle Mile
217100,Miracle Mile
217200,Miracle Mile
109100,Mission Hills
109400,Mission Hills
109500,Mission Hills
109601,Mission Hills
109603,Mission Hills
109604,Mission Hills
430301,Monrovia
430302,Monrovia
430901,Monrovia
430902,Monrovia
431001,Monrovia
431002,Monrovia
431100,Monrovia
431200,Monrovia
482522,Montebello
530003,Montebello
530004,Montebello
530005,Montebello
530006,Montebello
530101,Montebello
530102,Montebello
530202,Montebello
530203,Montebello
530204,Montebello
532001,Montebello
532002,Montebello
532101,Montebello
532102,Montebello
532200,Montebello
481711,Monterey Park
481712,Monterey Park
481713,Monterey Park
481714,Monterey Park
482001,Monterey Park
482002,Monterey Park
482101,Monterey Park
482102,Monterey Park
482201,Monterey Park
482202,Monterey Park
482600,Monterey Park
482701,Monterey Park
482702,Monterey Park
482800,Monterey Park
431501,North El Monte
431502,North El Monte
109800,North Hills
117101,North Hills
117102,North Hills
117201,North Hills
117202,North Hills
117301,North Hills
117303,North Hills
117404,North Hills
117405,North Hills
117407,North Hills
117408,North Hills
117510,North Hills
117520,North Hills
117530,North Hills
127520,North Hills
121020,North Hollywood
121600,North Hollywood
121801,North Hollywood
121802,North Hollywood
122000,North Hollywood
122410,North Hollywood
122420,North Hollywood
123103,North Hollywood
123104,North Hollywood
123203,North Hollywood
123204,North Hollywood
123205,North Hollywood
123206,North Hollywood
123301,North Hollywood
123303,North Hollywood
123304,North Hollywood
123410,North Hollywood
123420,North Hollywood
123700,North Hollywood
123800,North Hollywood
123901,North Hollywood
123902,North Hollywood
124102,North Hollywood
124103,North Hollywood
124104,North Hollywood
124105,North Hollywood
124201,North Hollywood
124203,North Hollywood
124204,North Hollywood
124300,North Hollywood
125310,North Hollywood
125320,North Hollywood
125401,North Hollywood
125402,North Hollywood
125501,North Hollywood
125502,North Hollywood
125600,North Hollywood
143100,North Hollywood
111204,Northridge
111205,Northridge
111206,Northridge
111302,Northridge
113301,Northridge
113401,Northridge
115101,Northridge
115103,Northridge
115104,Northridge
115201,Northridge
115202,Northridge
115301,Northridge
115302,Northridge
115401,Northridge
115403,Northridge
115404,Northridge
117302,Northridge
131200,Northridge
550000,Norwalk
550100,Norwalk
550201,Norwalk
550202,Norwalk
550300,Norwalk
551900,Norwalk
552001,Norwalk
552002,Norwalk
552100,Norwalk
552200,Norwalk
552301,Norwalk
552302,Norwalk
552400,Norwalk
552601,Norwalk
552602,Norwalk
552700,Norwalk
552800,Norwalk
552900,Norwalk
553000,Norwalk
554600,Norwalk
554700,Norwalk
262501,Pacific Palisades
262601,Pacific Palisades
262604,Pacific Palisades
262704,Pacific Palisades
262706,Pacific Palisades
262802,Pacific Palisades
980019,Pacific Palisades
104105,Pacoima
104108,Pacoima
104201,Pacoima
104203,Pacoima
104310,Pacoima
104320,Pacoima
104401,Pacoima
104403,Pacoima
104404,Pacoima
104500,Pacoima
104610,Pacoima
104620,Pacoima
104701,Pacoima
104703,Pacoima
104704,Pacoima
104810,Pacoima
104821,Pacoima
104822,Pacoima
980021,Pacoima
901213,Palmdale
910101,Palmdale
910201,Palmdale
910202,Palmdale
910206,Palmdale
910207,Palmdale
910208,Palmdale
910209,Palmdale
910210,Palmdale
910301,Palmdale
910302,Palmdale
910401,Palmdale
910402,Palmdale
910403,Palmdale
910404,Palmdale
910501,Palmdale
910502,Palmdale
910504,Palmdale
910505,Palmdale
910601,Palmdale
910602,Palmdale
910603,Palmdale
910605,Palmdale
910606,Palmdale
910705,Palmdale
910706,Palmdale
910707,Palmdale
910709,Palmdale
910711,Palmdale
910712,Palmdale
910713,Palmdale
910714,Palmdale
910715,Palmdale
910716,Palmdale
980004,Palmdale
216401,Palms
216402,Palms
217001,Palms
217002,Palms
269100,Palms
269500,Palms
269601,Palms
269602,Palms
269700,Palms
269800,Palms
269903,Palms
269904,Palms
269905,Palms
269906,Palms
269907,Palms
270100,Palms
270200,Palms
271802,Palms
670324,Palos Verdes Estates
670326,Palos Verdes Estates
670328,Palos Verdes Estates
119310,Panorama City
119320,Panorama City
119340,Panorama City
119341,Panorama City
119342,Panorama City
119900,Panorama City
120010,Panorama City
120020,Panorama City
120030,Panorama City
120103,Panorama City
120104,Panorama City
120105,Panorama City
120106,Panorama City
120107,Panorama City
120108,Panorama City
120300,Panorama City
120400,Panorama City
553502,Paramount
553503,Paramount
553504,Paramount
553601,Paramount
553602,Paramount
553701,Paramount
553702,Paramount
553801,Paramount
553802,Paramount
553901,Paramount
553902,Paramount
500402,Pico Rivera
500403,Pico Rivera
500404,Pico Rivera
500500,Pico Rivera
500600,Pico Rivera
500700,Pico Rivera
500800,Pico Rivera
500900,Pico Rivera
502401,Pico Rivera
502402,Pico Rivera
502500,Pico Rivera
502601,Pico Rivera
502602,Pico Rivera
209810,Pico Union
209820,Pico Union
210010,Pico Union
213310,Pico Union
213320,Pico Union
213402,Pico Union
221110,Pico Union
221120,Pico Union
221220,Pico Union
221602,Pico Union
224200,Pico Union
224310,Pico Union
224320,Pico Union
401703,Pomona
401704,Pomona
402101,Pomona
402102,Pomona
402200,Pomona
402301,Pomona
402303,Pomona
402304,Pomona
402402,Pomona
402403,Pomona
402404,Pomona
402405,Pomona
402406,Pomona
402501,Pomona
402502,Pomona
402600,Pomona
402702,Pomona
402703,Pomona
402705,Pomona
402706,Pomona
402801,Pomona
402803,Pomona
402804,Pomona
402902,Pomona
402903,Pomona
402904,Pomona
403000,Pomona
403200,Pomona
403317,Pomona
403318,Pomona
408800,Pomona
108101,Porter Ranch
108102,Porter Ranch
108103,Porter Ranch
108104,Porter Ranch
108201,Porter Ranch
108202,Porter Ranch
195802,Rampart Village
208610,Rampart Village
208620,Rampart Village
208710,Rampart Village
211120,Rampart Village
211121,Rampart Village
211122,Rampart Village
670405,Rancho Palos Verdes
670407,Rancho Palos Verdes
670411,Rancho Palos Verdes
670413,Rancho Palos Verdes
670416,Rancho Palos Verdes
670602,Rancho Palos Verdes
670701,Rancho Palos Verdes
670702,Rancho Palos Verdes
620501,Redondo Beach
620521,Redondo Beach
620522,Redondo Beach
620601,Redondo Beach
620602,Redondo Beach
620701,Redondo Beach
620702,Redondo Beach
621201,Redondo Beach
621204,Redondo Beach
621301,Redondo Beach
621324,Redondo Beach
621326,Redondo Beach
621400,Redondo Beach
131010,Reseda
131020,Reseda
131300,Reseda
131400,Reseda
131600,Reseda
131701,Reseda
131702,Reseda
131800,Reseda
132300,Reseda
132501,Reseda
132502,Reseda
132700,Reseda
133000,Reseda
670500,Rolling Hills
670201,Rolling Hills Estates
670202,Rolling Hills Estates
670403,Rolling Hills Estates
670406,Rolling Hills Estates
432201,Rosemead
432202,Rosemead
432901,Rosemead
432902,Rosemead
433601,Rosemead
433602,Rosemead
481300,Rosemead
482303,Rosemead
482304,Rosemead
482401,Rosemead
482402,Rosemead
482502,Rosemead
482503,Rosemead
408212,Rowland Heights
408626,Rowland Heights
408627,Rowland Heights
408703,Rowland Heights
408704,Rowland Heights
408705,Rowland Heights
408706,Rowland Heights
408722,Rowland Heights
408723,Rowland Heights
408724,Rowland Heights
400304,San Dimas
400403,San Dimas
401303,San Dimas
401304,San Dimas
401311,San Dimas
401312,San Dimas
403703,San Dimas
320100,San Fernando
320201,San Fernando
320202,San Fernando
320300,San Fernando
480201,San Gabriel
480202,San Gabriel
481101,San Gabriel
481102,San Gabriel
481103,San Gabriel
481401,San Gabriel
481402,San Gabriel
482301,San Gabriel
464100,San Marino
464200,San Marino
463300,San Pasqual
295103,San Pedro
296210,San Pedro
296220,San Pedro
296300,San Pedro
296401,San Pedro
296402,San Pedro
296500,San Pedro
296600,San Pedro
296901,San Pedro
296902,San Pedro
297000,San Pedro
297110,San Pedro
297120,San Pedro
297201,San Pedro
297202,San Pedro
297300,San Pedro
297400,San Pedro
297500,San Pedro
297601,San Pedro
297602,San Pedro
980015,San Pedro
910807,Santa Clarita
910809,Santa Clarita
920013,Santa Clarita
920015,Santa Clarita
920016,Santa Clarita
920017,Santa Clarita
920018,Santa Clarita
920020,Santa Clarita
920023,Santa Clarita
920028,Santa Clarita
920029,Santa Clarita
920030,Santa Clarita
920031,Santa Clarita
920032,Santa Clarita
920034,Santa Clarita
920035,Santa Clarita
920036,Santa Clarita
920037,Santa Clarita
920038,Santa Clarita
920039,Santa Clarita
920040,Santa Clarita
920041,Santa Clarita
920042,Santa Clarita
920043,Santa Clarita
920044,Santa Clarita
920045,Santa Clarita
920107,Santa Clarita
920108,Santa Clarita
920109,Santa Clarita
920110,Santa Clarita
920111,Santa Clarita
920112,Santa Clarita
920114,Santa Clarita
920115,Santa Clarita
920312,Santa Clarita
920313,Santa Clarita
920314,Santa Clarita
920322,Santa Clarita
920328,Santa Clarita
920329,Santa Clarita
920330,Santa Clarita
920331,Santa Clarita
920332,Santa Clarita
920334,Santa Clarita
920336,Santa Clarita
920337,Santa Clarita
502700,Santa Fe Springs
502801,Santa Fe Springs
502802,Santa Fe Springs
502902,Santa Fe Springs
504102,Santa Fe Springs
701201,Santa Monica
701202,Santa Monica
701302,Santa Monica
701304,Santa Monica
701402,Santa Monica
701501,Santa Monica
701502,Santa Monica
701601,Santa Monica
701602,Santa Monica
701701,Santa Monica
701702,Santa Monica
701801,Santa Monica
701802,Santa Monica
701902,Santa Monica
702002,Santa Monica
702102,Santa Monica
702201,Santa Monica
702202,Santa Monica
702300,Santa Monica
920303,Santa Susana Mountains
124500,Sherman Oaks
124600,Sherman Oaks
124700,Sherman Oaks
128500,Sherman Oaks
128602,Sherman Oaks
128702,Sherman Oaks
128801,Sherman Oaks
128802,Sherman Oaks
128910,Sherman Oaks
141101,Sherman Oaks
141102,Sherman Oaks
141201,Sherman Oaks
141202,Sherman Oaks
141302,Sherman Oaks
141303,Sherman Oaks
141304,Sherman Oaks
141600,Sherman Oaks
141700,Sherman Oaks
430501,Sierra Madre
430502,Sierra Madre
573401,Signal Hill
573402,Signal Hill
573403,Signal Hill
187300,Silver Lake
195100,Silver Lake
195400,Silver Lake
195500,Silver Lake
195803,Silver Lake
195804,Silver Lake
195901,Silver Lake
195902,Silver Lake
195903,Silver Lake
206200,Skid Row
206300,Skid Row
207301,Skid Row
207302,Skid Row
224020,South Central
224600,South Central
226410,South Central
226420,South Central
226700,South Central
227010,South Central
227020,South Central
228100,South Central
228210,South Central
228310,South Central
228410,South Central
231100,South Central
433501,South El Monte
433503,South El Monte
433504,South El Monte
433700,South El Monte
433801,South El Monte
534700,South Gate
534804,South Gate
535501,South Gate
535502,South Gate
535503,South Gate
535603,South Gate
535604,South Gate
535605,South Gate
535606,South Gate
535607,South Gate
535701,South Gate
535702,South Gate
535802,South Gate
535803,South Gate
535804,South Gate
535901,South Gate
535902,South Gate
536000,South Gate
536102,South Gate
536103,South Gate
536104,South Gate
536200,South Gate
228320,South Park
228420,South Park
228500,South Park
228600,South Park
229200,South Park
229300,South Park
229410,South Park
229420,South Park
231800,South Park
231900,South Park
232800,South Park
239201,South Park
239202,South Park
239310,South Park
239320,South Park
239330,South Park
239501,South Park
239502,South Park
239601,South Park
239602,South Park
239701,South Park
239702,South Park
239801,South Park
239802,South Park
480500,South Pasadena
480600,South Pasadena
480702,South Pasadena
480703,South Pasadena
480704,South Pasadena
482521,South San Gabriel
408138,South San Jose Hills
408139,South San Jose Hills
408140,South San Jose Hills
408141,South San Jose Hills
237500,South Vermont
237600,South Vermont
237710,South Vermont
237720,South Vermont
237800,South Vermont
237900,South Vermont
238000,South Vermont
238100,South Vermont
238200,South Vermont
238310,South Vermont
238320,South Vermont
238400,South Vermont
240300,South Vermont
240401,South Vermont
240402,South Vermont
241201,South Vermont
502005,South Whittier
502901,South Whittier
503000,South Whittier
503103,South Whittier
503104,South Whittier
503105,South Whittier
503106,South Whittier
503201,South Whittier
503202,South Whittier
503302,South Whittier
503501,South Whittier
503502,South Whittier
920326,Stevenson Ranch
920338,Stevenson Ranch
920339,Stevenson Ranch
143200,Studio City
143300,Studio City
143400,Studio City
143500,Studio City
143602,Studio City
143603,Studio City
143604,Studio City
143800,Studio City
143901,Studio City
143902,Studio City
102103,Sun Valley
102104,Sun Valley
102105,Sun Valley
121010,Sun Valley
121101,Sun Valley
121102,Sun Valley
121210,Sun Valley
121221,Sun Valley
121222,Sun Valley
121900,Sun Valley
122120,Sun Valley
122121,Sun Valley
122122,Sun Valley
122200,Sun Valley
123010,Sun Valley
123020,Sun Valley
101110,Sunland-Tujunga
101122,Sunland-Tujunga
101210,Sunland-Tujunga
101220,Sunland-Tujunga
101300,Sunland-Tujunga
101400,Sunland-Tujunga
103101,Sunland-Tujunga
103102,Sunland-Tujunga
103400,Sunland-Tujunga
980026,Sunland-Tujunga
106010,Sylmar
106020,Sylmar
106111,Sylmar
106112,Sylmar
106113,Sylmar
106114,Sylmar
106403,Sylmar
106405,Sylmar
106406,Sylmar
106407,Sylmar
106408,Sylmar
106510,Sylmar
106520,Sylmar
106604,Sylmar
106648,Sylmar
106649,Sylmar
107010,Sylmar
107020,Sylmar
132900,Tarzana
133100,Tarzana
134901,Tarzana
139301,Tarzana
139302,Tarzana
139303,Tarzana
139401,Tarzana
139402,Tarzana
139801,Tarzana
139802,Tarzana
431800,Temple City
431900,Temple City
432000,Temple City
432101,Temple City
432102,Temple City
480101,Temple City
481201,Temple City
800102,Topanga
650001,Torrance
650003,Torrance
650004,Torrance
650101,Torrance
650102,Torrance
650200,Torrance
650300,Torrance
650401,Torrance
650501,Torrance
650502,Torrance
650602,Torrance
650603,Torrance
650604,Torrance
650605,Torrance
650701,Torrance
650702,Torrance
650800,Torrance
650901,Torrance
650902,Torrance
651001,Torrance
651002,Torrance
651101,Torrance
651102,Torrance
651201,Torrance
651221,Torrance
651222,Torrance
651302,Torrance
651304,Torrance
651401,Torrance
651402,Torrance
980005,Torrance
900102,Unincorporated Antelope Valley
900103,Unincorporated Antelope Valley
900104,Unincorporated Antelope Valley
900201,Unincorporated Antelope Valley
900300,Unincorporated Antelope Valley
900900,Unincorporated Antelope Valley
901209,Unincorporated Antelope Valley
901210,Unincorporated Antelope Valley
910001,Unincorporated Antelope Valley
910002,Unincorporated Antelope Valley
910205,Unincorporated Antelope Valley
910804,Unincorporated Antelope Valley
910805,Unincorporated Antelope Valley
910811,Unincorporated Antelope Valley
910812,Unincorporated Antelope Valley
910813,Unincorporated Antelope Valley
911001,Unincorporated Antelope Valley
920012,Unincorporated Antelope Valley
980003,Unincorporated Antelope Valley
599100,Unincorporated Catalina
542103,Unincorporated Compton
542104,Unincorporated Compton
543305,Unincorporated Compton
503701,Unincorporated East Whittier
503702,Unincorporated East Whittier
500300,Unincorporated Whittier
501501,Unincorporated Whittier
320000,Universal City
224410,University Park
224420,University Park
224700,University Park
701100,US Department of Veterans Affairs West LA Campus
407501,Valinda
407502,Valinda
407900,Valinda
124000,Valley Village
124400,Valley Village
124902,Valley Village
124903,Valley Village
125100,Valley Village
125200,Valley Village
123510,Van Nuys
123520,Van Nuys
123601,Van Nuys
123602,Van Nuys
127102,Van Nuys
127103,Van Nuys
127104,Van Nuys
127210,Van Nuys
127220,Van Nuys
127300,Van Nuys
127711,Van Nuys
127712,Van Nuys
127803,Van Nuys
127804,Van Nuys
127805,Van Nuys
127806,Van Nuys
127910,Van Nuys
127920,Van Nuys
128101,Van Nuys
128102,Van Nuys
128210,Van Nuys
128220,Van Nuys
128302,Van Nuys
128303,Van Nuys
128400,Van Nuys
128601,Van Nuys
273100,Venice
273200,Venice
273300,Venice
273402,Venice
273502,Venice
273600,Venice
273700,Venice
273800,Venice
273902,Venice
274100,Venice
274202,Venice
231500,Vermont Square
231600,Vermont Square
231710,Vermont Square
231720,Vermont Square
232110,Vermont Square
232120,Vermont Square
232200,Vermont Square
232300,Vermont Square
232400,Vermont Square
232500,Vermont Square
232600,Vermont Square
232700,Vermont Square
237101,Vermont Square
237102,Vermont Square
237201,Vermont Square
237202,Vermont Square
237300,Vermont Square
237401,Vermont Square
237402,Vermont Square
532400,Vernon
703100,View Park-Windsor Hills
703200,View Park-Windsor Hills
405400,Vincent
403401,Walnut
403402,Walnut
403403,Walnut
403404,Walnut
403405,Walnut
403406,Walnut
403407,Walnut
403408,Walnut
534802,Walnut Park
534803,Walnut Park
242000,Watts
242100,Watts
242200,Watts
242300,Watts
242600,Watts
242700,Watts
243000,Watts
243100,Watts
218110,West Adams-Expo Park
218120,West Adams-Expo Park
218701,West Adams-Expo Park
218702,West Adams-Expo Park
218800,West Adams-Expo Park
218900,West Adams-Expo Park
219010,West Adams-Expo Park
219020,West Adams-Expo Park
219300,West Adams-Expo Park
221210,West Adams-Expo Park
221302,West Adams-Expo Park
221303,West Adams-Expo Park
221304,West Adams-Expo Park
221401,West Adams-Expo Park
221402,West Adams-Expo Park
543502,West Carson
543503,West Carson
543602,West Carson
543603,West Carson
541001,West Compton
541100,West Compton
405301,West Covina
405302,West Covina
405500,West Covina
405600,West Covina
406200,West Covina
406300,West Covina
406402,West Covina
406411,West Covina
406412,West Covina
406500,West Covina
406601,West Covina
406602,West Covina
406701,West Covina
406702,West Covina
406800,West Covina
407400,West Covina
408003,West Covina
408004,West Covina
408005,West Covina
408006,West Covina
408133,West Covina
408134,West Covina
408135,West Covina
408136,West Covina
408137,West Covina
113231,West Hills
113232,West Hills
134302,West Hills
134421,West Hills
134422,West Hills
134423,West Hills
134424,West Hills
135102,West Hills
135201,West Hills
135202,West Hills
135203,West Hills
700101,West Hollywood
700102,West Hollywood
700200,West Hollywood
700300,West Hollywood
700400,West Hollywood
700501,West Hollywood
700502,West Hollywood
267300,West Los Angeles
267402,West Los Angeles
267403,West Los Angeles
267404,West Los Angeles
267501,West Los Angeles
267502,West Los Angeles
267600,West Los Angeles
267700,West Los Angeles
406901,West Puente Valley
406902,West Puente Valley
407001,West Puente Valley
407301,West Puente Valley
407302,West Puente Valley
501001,West Whittier-Los Nietos
501002,West Whittier-Los Nietos
502200,West Whittier-Los Nietos
502301,West Whittier-Los Nietos
502302,West Whittier-Los Nietos
276000,Westchester/Playa Del Rey
276100,Westchester/Playa Del Rey
276400,Westchester/Playa Del Rey
276500,Westchester/Playa Del Rey
276601,Westchester/Playa Del Rey
276603,Westchester/Playa Del Rey
276604,Westchester/Playa Del Rey
277000,Westchester/Playa Del Rey
277100,Westchester/Playa Del Rey
277200,Westchester/Playa Del Rey
277400,Westchester/Playa Del Rey
278001,Westchester/Playa Del Rey
278102,Westchester/Playa Del Rey
980028,Westchester/Playa Del Rey
208301,Westlake
208302,Westlake
208720,Westlake
208801,Westlake
208802,Westlake
208902,Westlake
208903,Westlake
208904,Westlake
209102,Westlake
209103,Westlake
209104,Westlake
209300,Westlake
209401,Westlake
209402,Westlake
209403,Westlake
209510,Westlake
209520,Westlake
212202,Westlake
212203,Westlake
212204,Westlake
213401,Westlake
800325,Westlake Village
800326,Westlake Village
600100,Westmont / West Athens
600201,Westmont / West Athens
600202,Westmont / West Athens
600302,Westmont / West Athens
600303,Westmont / West Athens
600304,Westmont / West Athens
600400,Westmont / West Athens
602801,Westmont / West Athens
602802,Westmont / West Athens
267100,Westside
267200,Westside
267800,Westside
267901,Westside
267902,Westside
269000,Westside
269300,Westside
271100,Westside
265100,Westwood
265201,Westwood
265202,Westwood
265301,Westwood
265303,Westwood
265304,Westwood
265305,Westwood
265420,Westwood
265510,Westwood
265520,Westwood
265601,Westwood
265602,Westwood
265700,Westwood
500202,Whittier
501200,Whittier
501300,Whittier
501400,Whittier
501503,Whittier
501504,Whittier
501600,Whittier
501700,Whittier
501802,Whittier
501803,Whittier
501804,Whittier
501900,Whittier
502003,Whittier
502004,Whittier
502100,Whittier
503301,Whittier
503401,Whittier
503402,Whittier
433802,Whittier Narrows
540600,Willowbrook
540700,Willowbrook
540800,Willowbrook
540901,Willowbrook
540902,Willowbrook
541400,Willowbrook
541500,Willowbrook
294110,Wilmington
294120,Wilmington
294200,Wilmington
294301,Wilmington
294302,Wilmington
294510,Wilmington
294520,Wilmington
294610,Wilmington
294620,Wilmington
294701,Wilmington
294810,Wilmington
294820,Wilmington
294830,Wilmington
294900,Wilmington
980014,Wilmington
980031,Wilmington
192510,Wilshire Center-Koreatown
192520,Wilshire Center-Koreatown
192610,Wilshire Center-Koreatown
192620,Wilshire Center-Koreatown
211201,Wilshire Center-Koreatown
211202,Wilshire Center-Koreatown
211310,Wilshire Center-Koreatown
211320,Wilshire Center-Koreatown
211410,Wilshire Center-Koreatown
211420,Wilshire Center-Koreatown
211802,Wilshire Center-Koreatown
211803,Wilshire Center-Koreatown
211804,Wilshire Center-Koreatown
211910,Wilshire Center-Koreatown
211921,Wilshire Center-Koreatown
211922,Wilshire Center-Koreatown
212101,Wilshire Center-Koreatown
212102,Wilshire Center-Koreatown
212303,Wilshire Center-Koreatown
212304,Wilshire Center-Koreatown
212305,Wilshire Center-Koreatown
212306,Wilshire Center-Koreatown
212410,Wilshire Center-Koreatown
212420,Wilshire Center-Koreatown
212501,Wilshire Center-Koreatown
212502,Wilshire Center-Koreatown
213201,Wilshire Center-Koreatown
113421,Winnetka
113422,Winnetka
134001,Winnetka
134002,Winnetka
134101,Winnetka
134103,Winnetka
134104,Winnetka
134710,Winnetka
134720,Winnetka
134800,Winnetka
134904,Winnetka
134903,Woodland Hills
134905,Woodland Hills
135111,Woodland Hills
135113,Woodland Hills
135114,Woodland Hills
137000,Woodland Hills
137103,Woodland Hills
137104,Woodland Hills
137201,Woodland Hills
137301,Woodland Hills
137302,Woodland Hills
137401,Woodland Hills
137402,Woodland Hills
137501,Woodland Hills
137502,Woodland Hills
137504,Woodland Hills
138000,Woodland Hills
930401,Woodland Hills
